,Age,MonthlyIncome,JobSatisfaction,EnvironmentSatisfaction,WorkLifeBalance,YearsAtCompany,TotalWorkingYears,DistanceFromHome
count,1470.0,1470.0,1470.0,1470.0,1470.0,1470.0,1470.0,1470.0
mean,36.923809523809524,6502.931292517007,2.7285714285714286,2.721768707482993,2.7612244897959184,7.0081632653061225,11.279591836734694,9.19251700680272
std,9.135373489136732,4707.956783097994,1.1028461230547204,1.0930822146350005,0.7064758297141507,6.126525152403569,7.780781675514997,8.106864435666074
min,18.0,1009.0,1.0,1.0,1.0,0.0,0.0,1.0
25%,30.0,2911.0,2.0,2.0,2.0,3.0,6.0,2.0
50%,36.0,4919.0,3.0,3.0,3.0,5.0,10.0,7.0
75%,43.0,8379.0,4.0,4.0,3.0,9.0,15.0,14.0
max,60.0,19999.0,4.0,4.0,4.0,40.0,40.0,29.0
