Age_Group,Avg_Tenure,Avg_Income,Attrition_Rate
36-45,8.1047,7104.4444,9.18803
46+,9.4359,10630.0733,12.45421
26-35,5.9868,4895.6337,19.14191
"Under 25",2.4797,2972.8862,35.77236
